DNS Lookup Time (ms),TCP Connect Time (ms),SSL Handshake Time (ms),Server Processing Time (ms),Total Time (ms),Request Number
48.034,77.47,114.64,153.445,153.561,1
8.741999999999999,38.689,72.74,116.843,117.08,2
9.687,38.039,76.509,114.658,114.869,3
8.283999999999999,38.0,74.99300000000001,117.159,117.435,4
10.629,37.002,69.039,111.89399999999999,112.33500000000001,5
